types,scenario,total_ms,setup_ms,prepare_ms,publish_ms,setup_replace_source_ms,setup_declare_named_ms,prepare_accounted_ms,source_prepare_ms,string_prepare_ms,graph_prepare_ms,string_retention_ms,string_compaction_ms,contribution_prepare_ms,graph_pending_member_resolution_ms,graph_live_typeref_validation_ms,graph_canonical_typeref_rebuild_ms,graph_string_validation_ms,graph_definition_scan_ms,graph_definition_materialization_ms,graph_rebuild_storage_ms,graph_dependency_index_ms,graph_final_prepare_ms,pending_resolution_types,pending_resolution_members,pending_resolution_modifiers,canonical_types_size_before,canonical_types_size_after,string_records_size_before,string_records_size_after,string_records_capacity_before,string_records_capacity_after,string_records_reallocated,string_records_relocation_bytes,string_lookup_size_before,string_lookup_size_after,string_lookup_buckets_before,string_lookup_buckets_after,string_lookup_rehashed,string_lookup_entries_rehashed,changed_sources,changed_entities,changed_types,validation_visited_types,validation_visited_type_refs,validation_dependency_edges,graph_reallocated,contribution_reallocated,graph_relocation_bytes,contribution_relocation_bytes
128,g0_initial,0.099000,0.056000,0.040400,0.002600,0.000000,0.000000,0.040200,0.003500,0.002900,0.025000,0.000500,0.000100,0.008200,0.000100,0.000400,0.006000,0.000700,0.000100,0.000200,0.002900,0.004500,0.009400,0,0,0,0,0,0,0,0,192,1,0,0,0,0,0,0,0,128,128,128,128,0,0,0,1,0,0
128,g1_modify_one,0.004200,0.001500,0.002200,0.000500,0.000000,0.000000,0.002000,0.000300,0.000100,0.001600,0.000000,0.000000,0.000000,0.000100,0.000400,0.000000,0.000100,0.000000,0.000000,0.000000,0.000000,0.000800,0,0,0,149,149,128,128,192,192,0,0,128,128,256,256,0,0,1,0,0,0,0,0,0,0,0,0
128,g2_remove_one,0.003200,0.000800,0.002100,0.000300,0.000000,0.000000,0.001700,0.000000,0.000000,0.001700,0.000000,0.000000,0.000000,0.000100,0.000700,0.000100,0.000000,0.000100,0.000000,0.000000,0.000000,0.000400,0,0,0,149,149,128,128,192,192,0,0,128,128,256,256,0,0,1,1,1,1,0,0,0,0,0,0
128,g3_add_one,0.004900,0.002500,0.002000,0.000400,0.000000,0.000000,0.001800,0.000000,0.000600,0.001200,0.000000,0.000000,0.000000,0.000000,0.000400,0.000000,0.000100,0.000000,0.000100,0.000000,0.000000,0.000400,0,0,0,149,149,128,128,192,192,0,0,128,128,256,256,0,0,1,1,1,1,0,0,0,0,0,0
128,g0_rebuild_after_churn,2.307100,2.289600,0.014400,0.003100,0.000000,0.000000,0.014200,0.000500,0.000100,0.012800,0.000600,0.000100,0.000100,0.000200,0.000400,0.001800,0.000700,0.000200,0.000200,0.002000,0.000900,0.005900,0,0,0,0,0,129,129,192,192,0,0,129,129,512,512,0,0,128,128,128,128,0,0,0,0,0,0
512,g0_initial,0.261700,0.199500,0.053800,0.008400,0.000000,0.000000,0.053300,0.005100,0.000600,0.024500,0.001000,0.000100,0.022000,0.000300,0.001000,0.005000,0.002300,0.000300,0.000600,0.005300,0.001000,0.006800,0,0,0,0,0,0,0,0,576,1,0,0,0,0,0,0,0,512,512,512,512,0,0,0,1,0,0
512,g1_modify_one,0.004900,0.001900,0.002500,0.000500,0.000000,0.000000,0.002500,0.000300,0.000100,0.002000,0.000000,0.000000,0.000100,0.000000,0.000500,0.000100,0.000000,0.000100,0.000000,0.000000,0.000000,0.001100,0,0,0,533,533,512,512,576,576,0,0,512,512,1024,1024,0,0,1,0,0,0,0,0,0,0,0,0
512,g2_remove_one,0.003400,0.000800,0.002400,0.000200,0.000000,0.000000,0.002400,0.000100,0.000000,0.002200,0.000000,0.000000,0.000100,0.000100,0.000800,0.000000,0.000000,0.000000,0.000000,0.000000,0.000000,0.000700,0,0,0,533,533,512,512,576,576,0,0,512,512,1024,1024,0,0,1,1,1,1,0,0,0,0,0,0
512,g3_add_one,0.007500,0.002800,0.004400,0.000300,0.000000,0.000000,0.004200,0.000100,0.003000,0.001000,0.000100,0.000000,0.000000,0.000100,0.000300,0.000100,0.000000,0.000100,0.000000,0.000000,0.000000,0.000400,0,0,0,533,533,512,512,576,576,0,0,512,512,1024,1024,0,0,1,1,1,1,0,0,0,0,0,0
512,g0_rebuild_after_churn,7.945300,7.903200,0.034300,0.007800,0.000000,0.000000,0.034100,0.000100,0.000100,0.032700,0.000800,0.000200,0.000200,0.000300,0.001100,0.007000,0.002500,0.000300,0.000600,0.004700,0.004700,0.009700,0,0,0,0,0,513,513,576,576,0,0,513,513,2048,2048,0,0,512,512,512,512,0,0,0,0,0,0
2048,g0_initial,1.077600,0.805300,0.242300,0.030000,0.000000,0.000000,0.241600,0.063500,0.000900,0.127200,0.003000,0.000400,0.046600,0.003400,0.003900,0.029500,0.015200,0.001800,0.002000,0.018400,0.014600,0.032900,0,0,0,0,0,0,0,0,2304,1,0,0,0,0,0,0,0,2048,2048,2048,2048,0,0,0,1,0,0
2048,g1_modify_one,0.008400,0.003100,0.004000,0.001300,0.000000,0.000000,0.003800,0.000700,0.000100,0.002800,0.000000,0.000000,0.000200,0.000000,0.000600,0.000200,0.000100,0.000100,0.000100,0.000000,0.000000,0.001100,0,0,0,2069,2069,2048,2048,2304,2304,0,0,2048,2048,4096,4096,0,0,1,0,0,0,0,0,0,0,0,0
2048,g2_remove_one,0.004300,0.001100,0.002900,0.000300,0.000000,0.000000,0.002800,0.000000,0.000100,0.002600,0.000000,0.000000,0.000100,0.000000,0.000800,0.000100,0.000000,0.000000,0.000000,0.000000,0.000000,0.000700,0,0,0,2069,2069,2048,2048,2304,2304,0,0,2048,2048,4096,4096,0,0,1,1,1,1,0,0,0,0,0,0
2048,g3_add_one,0.019800,0.004100,0.014900,0.000800,0.000000,0.000000,0.014800,0.000000,0.012800,0.001700,0.000100,0.000000,0.000200,0.000100,0.000500,0.000000,0.000100,0.000000,0.000000,0.000000,0.000000,0.000800,0,0,0,2069,2069,2048,2048,2304,2304,0,0,2048,2048,4096,4096,0,0,1,1,1,1,0,0,0,0,0,0
2048,g0_rebuild_after_churn,32.380800,32.198600,0.148600,0.033600,0.000000,0.000000,0.148300,0.001100,0.000200,0.142800,0.003200,0.000400,0.000600,0.002400,0.004000,0.020400,0.014200,0.001100,0.002000,0.021700,0.023600,0.046900,0,0,0,0,0,2049,2049,2304,2304,0,0,2049,2049,8192,8192,0,0,2048,2048,2048,2048,0,0,0,0,0,0
8192,g0_initial,5.050400,3.809900,1.094800,0.145700,0.000000,0.000000,1.094000,0.433600,0.007100,0.480300,0.009900,0.001600,0.161500,0.011300,0.015300,0.104400,0.082100,0.006400,0.007500,0.061200,0.036900,0.137100,0,0,0,0,0,0,0,0,9216,1,0,0,0,0,0,0,0,8192,8192,8192,8192,0,0,0,1,0,0
8192,g1_modify_one,0.008300,0.002700,0.004700,0.000900,0.000000,0.000000,0.004500,0.000800,0.000600,0.003000,0.000000,0.000000,0.000100,0.000000,0.000700,0.000200,0.000100,0.000100,0.000100,0.000000,0.000000,0.001200,0,0,0,8213,8213,8192,8192,9216,9216,0,0,8192,8192,16384,16384,0,0,1,0,0,0,0,0,0,0,0,0
8192,g2_remove_one,0.003400,0.000800,0.002300,0.000300,0.000000,0.000000,0.002200,0.000000,0.000000,0.002100,0.000100,0.000000,0.000000,0.000000,0.000600,0.000000,0.000000,0.000000,0.000000,0.000000,0.000000,0.000700,0,0,0,8213,8213,8192,8192,9216,9216,0,0,8192,8192,16384,16384,0,0,1,1,1,1,0,0,0,0,0,0
8192,g3_add_one,0.042400,0.003500,0.038600,0.000300,0.000000,0.000000,0.038400,0.000000,0.037100,0.001200,0.000100,0.000000,0.000000,0.000100,0.000300,0.000100,0.000000,0.000100,0.000000,0.000000,0.000000,0.000600,0,0,0,8213,8213,8192,8192,9216,9216,0,0,8192,8192,16384,16384,0,0,1,1,1,1,0,0,0,0,0,0
8192,g0_rebuild_after_churn,129.935900,129.314000,0.489900,0.132000,0.000000,0.000000,0.488600,0.001100,0.000200,0.469600,0.010500,0.003700,0.003500,0.010100,0.015000,0.066300,0.088200,0.005700,0.007500,0.051900,0.062200,0.137700,0,0,0,0,0,8193,8193,9216,9216,0,0,8193,8193,32768,32768,0,0,8192,8192,8192,8192,0,0,0,0,0,0
32768,g0_initial,20.819000,16.521700,3.760400,0.536900,0.000000,0.000000,3.759500,1.555800,0.005600,1.623400,0.036700,0.006000,0.532000,0.026800,0.060300,0.315300,0.292100,0.017700,0.029500,0.178200,0.192000,0.440600,0,0,0,0,0,0,0,0,36864,1,0,0,0,0,0,0,0,32768,32768,32768,32768,0,0,0,1,0,0
32768,g1_modify_one,0.009200,0.003800,0.004000,0.001400,0.000000,0.000000,0.003900,0.000600,0.000300,0.002900,0.000000,0.000000,0.000100,0.000100,0.000600,0.000000,0.000300,0.000000,0.000000,0.000000,0.000000,0.001200,0,0,0,32789,32789,32768,32768,36864,36864,0,0,32768,32768,65536,65536,0,0,1,0,0,0,0,0,0,0,0,0
32768,g2_remove_one,0.004000,0.001100,0.002600,0.000300,0.000000,0.000000,0.002500,0.000000,0.000100,0.002400,0.000000,0.000000,0.000000,0.000100,0.000800,0.000000,0.000100,0.000000,0.000000,0.000000,0.000000,0.000700,0,0,0,32789,32789,32768,32768,36864,36864,0,0,32768,32768,65536,65536,0,0,1,1,1,1,0,0,0,0,0,0
32768,g3_add_one,0.139500,0.004100,0.134800,0.000600,0.000000,0.000000,0.134800,0.000000,0.133000,0.001700,0.000000,0.000000,0.000100,0.000100,0.000500,0.000000,0.000000,0.000100,0.000000,0.000000,0.000000,0.000700,0,0,0,32789,32789,32768,32768,36864,36864,0,0,32768,32768,65536,65536,0,0,1,1,1,1,0,0,0,0,0,0
32768,g0_rebuild_after_churn,516.642500,514.352200,1.775600,0.514700,0.000000,0.000000,1.774600,0.001400,0.000600,1.721800,0.036800,0.006100,0.007900,0.048800,0.061000,0.243700,0.355000,0.018300,0.029700,0.207000,0.181200,0.470500,0,0,0,0,0,32769,32769,36864,36864,0,0,32769,32769,131072,131072,0,0,32768,32768,32768,32768,0,0,0,0,0,0
8192,k_modify,0.006900,0.002400,0.003500,0.001000,0.000000,0.000000,0.003500,0.000500,0.000300,0.002500,0.000100,0.000000,0.000100,0.000100,0.000600,0.000100,0.000100,0.000000,0.000000,0.000000,0.000000,0.001100,0,0,0,8213,8213,8192,8192,9216,9216,0,0,8192,8192,16384,16384,0,0,1,0,0,0,0,0,0,0,0,0
8192,k_remove,0.003600,0.000800,0.002300,0.000500,0.000000,0.000000,0.002100,0.000000,0.000000,0.002100,0.000000,0.000000,0.000000,0.000000,0.000700,0.000000,0.000100,0.000000,0.000100,0.000000,0.000000,0.000700,0,0,0,8213,8213,8192,8192,9216,9216,0,0,8192,8192,16384,16384,0,0,1,1,1,1,0,0,0,0,0,0
8192,k_add,0.024500,0.003100,0.021000,0.000400,0.000000,0.000000,0.020800,0.000000,0.019600,0.001200,0.000000,0.000000,0.000000,0.000000,0.000400,0.000000,0.000000,0.000000,0.000000,0.000000,0.000000,0.000500,0,0,0,8213,8213,8192,8192,9216,9216,0,0,8192,8192,16384,16384,0,0,1,1,1,1,0,0,0,0,0,0
8192,k_modify,0.007800,0.003300,0.003400,0.001100,0.000000,0.000000,0.003300,0.000500,0.000400,0.002200,0.000100,0.000000,0.000100,0.000000,0.000600,0.000000,0.000300,0.000000,0.000000,0.000000,0.000000,0.000900,0,0,0,8213,8213,8192,8192,9216,9216,0,0,8192,8192,16384,16384,0,0,4,0,0,0,0,0,0,0,0,0
8192,k_remove,0.004300,0.001000,0.003000,0.000300,0.000000,0.000000,0.002800,0.000000,0.000000,0.002700,0.000100,0.000000,0.000000,0.000000,0.001100,0.000000,0.000100,0.000100,0.000000,0.000000,0.000000,0.000500,0,0,0,8213,8213,8192,8192,9216,9216,0,0,8192,8192,16384,16384,0,0,4,4,4,4,0,0,0,0,0,0
8192,k_add,0.042700,0.005400,0.036800,0.000500,0.000000,0.000000,0.036800,0.000100,0.034900,0.001700,0.000000,0.000000,0.000100,0.000100,0.000600,0.000000,0.000100,0.000000,0.000100,0.000000,0.000000,0.000700,0,0,0,8213,8213,8192,8192,9216,9216,0,0,8192,8192,16384,16384,0,0,4,4,4,4,0,0,0,0,0,0
8192,k_modify,0.011100,0.005500,0.004100,0.001500,0.000000,0.000000,0.003800,0.000600,0.000200,0.002900,0.000000,0.000000,0.000100,0.000000,0.000900,0.000100,0.000200,0.000000,0.000100,0.000000,0.000000,0.001100,0,0,0,8213,8213,8192,8192,9216,9216,0,0,8192,8192,16384,16384,0,0,16,0,0,0,0,0,0,0,0,0
8192,k_remove,0.006900,0.001600,0.004400,0.000900,0.000000,0.000000,0.004400,0.000000,0.000100,0.004200,0.000100,0.000000,0.000000,0.000100,0.001500,0.000000,0.000100,0.000100,0.000000,0.000000,0.000000,0.000600,0,0,0,8213,8213,8192,8192,9216,9216,0,0,8192,8192,16384,16384,0,0,16,16,16,16,0,0,0,0,0,0
8192,k_add,0.058400,0.011700,0.046000,0.000700,0.000000,0.000000,0.046000,0.000000,0.043300,0.002600,0.000000,0.000000,0.000100,0.000100,0.001200,0.000000,0.000100,0.000100,0.000000,0.000000,0.000000,0.000700,0,0,0,8213,8213,8192,8192,9216,9216,0,0,8192,8192,16384,16384,0,0,16,16,16,16,0,0,0,0,0,0
8192,k_modify,0.015800,0.010700,0.003400,0.001700,0.000000,0.000000,0.003200,0.000500,0.000100,0.002500,0.000000,0.000000,0.000100,0.000200,0.000500,0.000100,0.000400,0.000000,0.000100,0.000000,0.000000,0.000900,0,0,0,8213,8213,8192,8192,9216,9216,0,0,8192,8192,16384,16384,0,0,64,0,0,0,0,0,0,0,0,0
8192,k_remove,0.012800,0.002700,0.008800,0.001300,0.000000,0.000000,0.008700,0.000000,0.000000,0.008600,0.000000,0.000000,0.000100,0.000100,0.003100,0.000000,0.000200,0.000000,0.000100,0.000000,0.000000,0.000900,0,0,0,8213,8213,8192,8192,9216,9216,0,0,8192,8192,16384,16384,0,0,64,64,64,64,0,0,0,0,0,0
8192,k_add,0.073300,0.022600,0.049200,0.001500,0.000000,0.000000,0.049100,0.000000,0.042800,0.006100,0.000000,0.000000,0.000200,0.000100,0.002700,0.000000,0.000300,0.000100,0.000100,0.000000,0.000000,0.002300,0,0,0,8213,8213,8192,8192,9216,9216,0,0,8192,8192,16384,16384,0,0,64,64,64,64,0,0,0,0,0,0
8192,k_modify,0.038700,0.030400,0.005000,0.003300,0.000000,0.000000,0.004900,0.000600,0.000200,0.003900,0.000000,0.000000,0.000200,0.000000,0.000600,0.000000,0.001100,0.000000,0.000000,0.000000,0.000000,0.001000,0,0,0,8213,8213,8192,8192,9216,9216,0,0,8192,8192,16384,16384,0,0,256,0,0,0,0,0,0,0,0,0
8192,k_remove,0.041100,0.009300,0.027200,0.004600,0.000000,0.000000,0.027100,0.000000,0.000000,0.026900,0.000000,0.000000,0.000200,0.000200,0.015500,0.000000,0.000700,0.000100,0.000000,0.000000,0.000000,0.002200,0,0,0,8213,8213,8192,8192,9216,9216,0,0,8192,8192,16384,16384,0,0,256,256,256,256,0,0,0,0,0,0
8192,k_add,0.131800,0.073700,0.053400,0.004700,0.000000,0.000000,0.053100,0.000100,0.037000,0.015200,0.000000,0.000000,0.000800,0.000200,0.009400,0.000000,0.001100,0.000200,0.000000,0.000000,0.000000,0.003500,0,0,0,8213,8213,8192,8192,9216,9216,0,0,8192,8192,16384,16384,0,0,256,256,256,256,0,0,0,0,0,0
32768,k_modify,0.011100,0.004600,0.005300,0.001200,0.000000,0.000000,0.005100,0.001100,0.000400,0.003500,0.000000,0.000000,0.000100,0.000100,0.000700,0.000100,0.000300,0.000100,0.000000,0.000000,0.000000,0.001700,0,0,0,32789,32789,32768,32768,36864,36864,0,0,32768,32768,65536,65536,0,0,1,0,0,0,0,0,0,0,0,0
32768,k_remove,0.004600,0.001300,0.002900,0.000400,0.000000,0.000000,0.002800,0.000000,0.000000,0.002700,0.000100,0.000000,0.000000,0.000000,0.001100,0.000000,0.000000,0.000100,0.000000,0.000000,0.000000,0.000700,0,0,0,32789,32789,32768,32768,36864,36864,0,0,32768,32768,65536,65536,0,0,1,1,1,1,0,0,0,0,0,0
32768,k_add,0.158700,0.004900,0.152500,0.001300,0.000000,0.000000,0.152200,0.000100,0.148300,0.003600,0.000000,0.000000,0.000200,0.000100,0.001500,0.000100,0.000200,0.000000,0.000000,0.000000,0.000000,0.001400,0,0,0,32789,32789,32768,32768,36864,36864,0,0,32768,32768,65536,65536,0,0,1,1,1,1,0,0,0,0,0,0
32768,k_modify,0.012000,0.005800,0.004800,0.001400,0.000000,0.000000,0.004700,0.000700,0.000200,0.003500,0.000100,0.000000,0.000200,0.000200,0.000600,0.000100,0.000300,0.000000,0.000000,0.000000,0.000000,0.001700,0,0,0,32789,32789,32768,32768,36864,36864,0,0,32768,32768,65536,65536,0,0,4,0,0,0,0,0,0,0,0,0
32768,k_remove,0.006100,0.001500,0.004100,0.000500,0.000000,0.000000,0.003900,0.000000,0.000000,0.003800,0.000000,0.000000,0.000100,0.000100,0.001000,0.000100,0.000000,0.000000,0.000000,0.000000,0.000000,0.001100,0,0,0,32789,32789,32768,32768,36864,36864,0,0,32768,32768,65536,65536,0,0,4,4,4,4,0,0,0,0,0,0
32768,k_add,0.146400,0.007400,0.138300,0.000700,0.000000,0.000000,0.138100,0.000000,0.135800,0.002200,0.000000,0.000000,0.000100,0.000100,0.000600,0.000000,0.000100,0.000000,0.000000,0.000000,0.000000,0.001100,0,0,0,32789,32789,32768,32768,36864,36864,0,0,32768,32768,65536,65536,0,0,4,4,4,4,0,0,0,0,0,0
32768,k_modify,0.013700,0.007600,0.004800,0.001300,0.000000,0.000000,0.004400,0.000500,0.000200,0.003700,0.000000,0.000000,0.000000,0.000000,0.000600,0.000000,0.000900,0.000100,0.000100,0.000000,0.000000,0.001500,0,0,0,32789,32789,32768,32768,36864,36864,0,0,32768,32768,65536,65536,0,0,16,0,0,0,0,0,0,0,0,0
32768,k_remove,0.008900,0.002100,0.006100,0.000700,0.000000,0.000000,0.005900,0.000000,0.000000,0.005800,0.000000,0.000000,0.000100,0.000100,0.002000,0.000000,0.000100,0.000000,0.000100,0.000000,0.000000,0.001200,0,0,0,32789,32789,32768,32768,36864,36864,0,0,32768,32768,65536,65536,0,0,16,16,16,16,0,0,0,0,0,0
32768,k_add,0.152100,0.016700,0.134200,0.001200,0.000000,0.000000,0.134100,0.000000,0.130200,0.003700,0.000100,0.000000,0.000100,0.000100,0.001600,0.000100,0.000100,0.000000,0.000100,0.000000,0.000000,0.001300,0,0,0,32789,32789,32768,32768,36864,36864,0,0,32768,32768,65536,65536,0,0,16,16,16,16,0,0,0,0,0,0
32768,k_modify,0.022900,0.015700,0.005100,0.002100,0.000000,0.000000,0.004900,0.000600,0.000300,0.003900,0.000000,0.000000,0.000100,0.000100,0.000600,0.000100,0.000900,0.000000,0.000000,0.000000,0.000000,0.001500,0,0,0,32789,32789,32768,32768,36864,36864,0,0,32768,32768,65536,65536,0,0,64,0,0,0,0,0,0,0,0,0
32768,k_remove,0.015700,0.003500,0.010500,0.001700,0.000000,0.000000,0.010300,0.000000,0.000000,0.010200,0.000000,0.000000,0.000100,0.000100,0.003700,0.000000,0.000200,0.000100,0.000100,0.000000,0.000000,0.001300,0,0,0,32789,32789,32768,32768,36864,36864,0,0,32768,32768,65536,65536,0,0,64,64,64,64,0,0,0,0,0,0
32768,k_add,0.170100,0.034100,0.134200,0.001800,0.000000,0.000000,0.134100,0.000100,0.128100,0.005600,0.000000,0.000000,0.000300,0.000100,0.002900,0.000000,0.000500,0.000100,0.000000,0.000000,0.000000,0.001400,0,0,0,32789,32789,32768,32768,36864,36864,0,0,32768,32768,65536,65536,0,0,64,64,64,64,0,0,0,0,0,0
32768,k_modify,0.073200,0.060100,0.009000,0.004100,0.000000,0.000000,0.008500,0.000800,0.000300,0.007200,0.000000,0.000000,0.000200,0.000000,0.000600,0.000100,0.003300,0.000000,0.000100,0.000000,0.000000,0.001600,0,0,0,32789,32789,32768,32768,36864,36864,0,0,32768,32768,65536,65536,0,0,256,0,0,0,0,0,0,0,0,0
32768,k_remove,0.045200,0.005700,0.033300,0.006200,0.000000,0.000000,0.033200,0.000000,0.000100,0.032900,0.000000,0.000000,0.000200,0.000200,0.017400,0.000000,0.000700,0.000100,0.000000,0.000000,0.000000,0.003200,0,0,0,32789,32789,32768,32768,36864,36864,0,0,32768,32768,65536,65536,0,0,256,256,256,256,0,0,0,0,0,0
32768,k_add,0.282200,0.104500,0.170900,0.006800,0.000000,0.000000,0.170800,0.000000,0.150300,0.019100,0.000100,0.000000,0.001300,0.000200,0.011600,0.000100,0.001400,0.000300,0.000000,0.000000,0.000000,0.004400,0,0,0,32789,32789,32768,32768,36864,36864,0,0,32768,32768,65536,65536,0,0,256,256,256,256,0,0,0,0,0,0
8192,k_modify_clustered,0.021300,0.015200,0.004600,0.001500,0.003700,0.007900,0.004200,0.000800,0.000300,0.003000,0.000000,0.000000,0.000100,0.000300,0.000600,0.000200,0.000300,0.000100,0.000000,0.000000,0.000000,0.001000,0,0,0,8213,8213,8192,8192,9216,9216,0,0,8192,8192,16384,16384,0,0,64,0,0,0,0,0,0,0,0,0
8192,k_modify_spread,0.020900,0.015000,0.004100,0.001800,0.004200,0.007000,0.003900,0.000500,0.000500,0.002800,0.000000,0.000000,0.000100,0.000100,0.000600,0.000000,0.000400,0.000000,0.000000,0.000000,0.000000,0.001100,0,0,0,8213,8213,8192,8192,9216,9216,0,0,8192,8192,16384,16384,0,0,64,0,0,0,0,0,0,0,0,0
8192,k_modify_clustered,0.053000,0.044700,0.004900,0.003400,0.009400,0.024900,0.004700,0.000400,0.000100,0.004000,0.000100,0.000000,0.000100,0.000000,0.000400,0.000100,0.001200,0.000000,0.000000,0.000000,0.000000,0.001100,0,0,0,8213,8213,8192,8192,9216,9216,0,0,8192,8192,16384,16384,0,0,256,0,0,0,0,0,0,0,0,0
8192,k_modify_spread,0.055600,0.046100,0.005900,0.003600,0.010600,0.025900,0.005800,0.000600,0.000500,0.004500,0.000000,0.000000,0.000200,0.000200,0.000500,0.000000,0.001200,0.000000,0.000000,0.000000,0.000000,0.001500,0,0,0,8213,8213,8192,8192,9216,9216,0,0,8192,8192,16384,16384,0,0,256,0,0,0,0,0,0,0,0,0
32768,k_modify_clustered,0.027000,0.019200,0.005600,0.002200,0.007200,0.006900,0.005100,0.000600,0.000300,0.003900,0.000100,0.000000,0.000200,0.000000,0.000700,0.000400,0.000600,0.000100,0.000100,0.000000,0.000000,0.001400,0,0,0,32789,32789,32768,32768,36864,36864,0,0,32768,32768,65536,65536,0,0,64,0,0,0,0,0,0,0,0,0
32768,k_modify_spread,0.033000,0.023000,0.007200,0.002800,0.009000,0.008200,0.007000,0.000700,0.000400,0.005600,0.000100,0.000000,0.000200,0.000000,0.000800,0.000300,0.001200,0.000000,0.000200,0.000000,0.000000,0.001900,0,0,0,32789,32789,32768,32768,36864,36864,0,0,32768,32768,65536,65536,0,0,64,0,0,0,0,0,0,0,0,0
32768,k_modify_clustered,0.063500,0.053300,0.006500,0.003700,0.015200,0.026400,0.006200,0.001100,0.000200,0.004800,0.000000,0.000000,0.000100,0.000000,0.000600,0.000000,0.001200,0.000000,0.000000,0.000000,0.000000,0.001700,0,0,0,32789,32789,32768,32768,36864,36864,0,0,32768,32768,65536,65536,0,0,256,0,0,0,0,0,0,0,0,0
32768,k_modify_spread,0.068700,0.056800,0.007900,0.004000,0.018500,0.026800,0.007600,0.000700,0.000400,0.006300,0.000100,0.000000,0.000100,0.000000,0.000600,0.000000,0.002800,0.000000,0.000100,0.000000,0.000000,0.001700,0,0,0,32789,32789,32768,32768,36864,36864,0,0,32768,32768,65536,65536,0,0,256,0,0,0,0,0,0,0,0,0
8192,dependency_d1,0.010000,0.004300,0.004800,0.000900,0.000000,0.000000,0.004600,0.000400,0.000300,0.003700,0.000000,0.000000,0.000200,0.000400,0.001500,0.000000,0.000100,0.000000,0.000100,0.000000,0.000000,0.001200,1,1,0,8213,8213,8447,8447,9502,9502,0,0,8447,8447,32768,32768,0,0,1,1,1,1,1,0,0,0,0,0
8192,dependency_d4,0.003800,0.001600,0.001900,0.000300,0.000000,0.000000,0.001800,0.000100,0.000000,0.001700,0.000000,0.000000,0.000000,0.000100,0.001100,0.000000,0.000100,0.000000,0.000000,0.000000,0.000000,0.000300,1,1,0,8213,8213,8447,8447,9502,9502,0,0,8447,8447,32768,32768,0,0,1,1,1,4,4,3,0,0,0,0
8192,dependency_d16,0.004200,0.001500,0.002500,0.000200,0.000000,0.000000,0.002400,0.000000,0.000000,0.002300,0.000100,0.000000,0.000000,0.000100,0.001700,0.000000,0.000000,0.000000,0.000100,0.000000,0.000000,0.000200,1,1,0,8213,8213,8447,8447,9502,9502,0,0,8447,8447,32768,32768,0,0,1,1,1,16,16,15,0,0,0,0
8192,dependency_d64,0.008500,0.001500,0.006700,0.000300,0.000000,0.000000,0.006500,0.000000,0.000000,0.006500,0.000000,0.000000,0.000000,0.000200,0.005900,0.000000,0.000100,0.000000,0.000000,0.000000,0.000000,0.000300,1,1,0,8213,8213,8447,8447,9502,9502,0,0,8447,8447,32768,32768,0,0,1,1,1,64,64,63,0,0,0,0
8192,dependency_d256,0.014500,0.001300,0.012900,0.000300,0.000000,0.000000,0.012600,0.000000,0.000000,0.012600,0.000000,0.000000,0.000000,0.000000,0.012200,0.000000,0.000000,0.000000,0.000000,0.000000,0.000000,0.000200,0,0,0,8213,8213,8447,8447,9502,9502,0,0,8447,8447,32768,32768,0,0,1,1,1,256,255,255,0,0,0,0
32768,dependency_d1,0.021100,0.010200,0.009100,0.001800,0.000000,0.000000,0.008600,0.000900,0.000800,0.006700,0.000100,0.000000,0.000100,0.000800,0.002200,0.000300,0.000200,0.000200,0.000200,0.000000,0.000000,0.001900,1,1,0,32789,32789,33023,33023,37150,37150,0,0,33023,33023,131072,131072,0,0,1,1,1,1,1,0,0,0,0,0
32768,dependency_d4,0.006600,0.003500,0.002800,0.000300,0.000000,0.000000,0.002800,0.000100,0.000000,0.002600,0.000100,0.000000,0.000000,0.000100,0.001400,0.000000,0.000100,0.000000,0.000000,0.000000,0.000000,0.000700,1,1,0,32789,32789,33023,33023,37150,37150,0,0,33023,33023,131072,131072,0,0,1,1,1,4,4,3,0,0,0,0
32768,dependency_d16,0.006800,0.002900,0.003700,0.000200,0.000000,0.000000,0.003500,0.000000,0.000000,0.003500,0.000000,0.000000,0.000000,0.000100,0.002600,0.000000,0.000100,0.000000,0.000100,0.000000,0.000000,0.000300,1,1,0,32789,32789,33023,33023,37150,37150,0,0,33023,33023,131072,131072,0,0,1,1,1,16,16,15,0,0,0,0
32768,dependency_d64,0.013500,0.003100,0.010200,0.000200,0.000000,0.000000,0.010000,0.000000,0.000000,0.010000,0.000000,0.000000,0.000000,0.000200,0.009200,0.000000,0.000100,0.000000,0.000100,0.000000,0.000000,0.000300,1,1,0,32789,32789,33023,33023,37150,37150,0,0,33023,33023,131072,131072,0,0,1,1,1,64,64,63,0,0,0,0
32768,dependency_d256,0.020900,0.001800,0.018800,0.000300,0.000000,0.000000,0.018600,0.000000,0.000000,0.018500,0.000100,0.000000,0.000000,0.000000,0.017900,0.000100,0.000000,0.000100,0.000000,0.000000,0.000000,0.000300,0,0,0,32789,32789,33023,33023,37150,37150,0,0,33023,33023,131072,131072,0,0,1,1,1,256,255,255,0,0,0,0
8192,multi_root_k256,0.096700,0.051500,0.039500,0.005700,0.000000,0.000000,0.039100,0.000600,0.000400,0.037700,0.000100,0.000000,0.000300,0.000200,0.031700,0.000100,0.001600,0.000200,0.000100,0.000000,0.000000,0.002800,0,0,0,8213,8213,8703,8703,9790,9790,0,0,8703,8703,32768,32768,0,0,256,256,256,512,511,511,0,0,0,0
8192,multi_root_k64,0.035900,0.008100,0.026500,0.001300,0.000000,0.000000,0.026400,0.000000,0.000000,0.026300,0.000000,0.000000,0.000100,0.000100,0.024900,0.000100,0.000300,0.000100,0.000000,0.000000,0.000000,0.000600,0,0,0,8213,8213,8703,8703,9790,9790,0,0,8703,8703,32768,32768,0,0,64,64,64,320,511,319,0,0,0,0
8192,multi_root_k16,0.019000,0.003400,0.015100,0.000500,0.000000,0.000000,0.015100,0.000000,0.000100,0.014900,0.000000,0.000000,0.000100,0.000000,0.014300,0.000000,0.000100,0.000100,0.000000,0.000000,0.000000,0.000300,0,0,0,8213,8213,8703,8703,9790,9790,0,0,8703,8703,32768,32768,0,0,16,16,16,272,511,271,0,0,0,0
8192,multi_root_k4,0.016500,0.001900,0.014300,0.000300,0.000000,0.000000,0.014200,0.000000,0.000000,0.014100,0.000000,0.000000,0.000100,0.000000,0.013600,0.000000,0.000100,0.000000,0.000100,0.000000,0.000000,0.000200,0,0,0,8213,8213,8703,8703,9790,9790,0,0,8703,8703,32768,32768,0,0,4,4,4,260,511,259,0,0,0,0
8192,multi_root_k1,0.015100,0.001000,0.013900,0.000200,0.000000,0.000000,0.013700,0.000000,0.000000,0.013600,0.000100,0.000000,0.000000,0.000000,0.013200,0.000000,0.000100,0.000000,0.000000,0.000000,0.000000,0.000100,0,0,0,8213,8213,8703,8703,9790,9790,0,0,8703,8703,32768,32768,0,0,1,1,1,257,511,256,0,0,0,0
32768,multi_root_k256,0.117600,0.066000,0.045900,0.005700,0.000000,0.000000,0.045400,0.001100,0.000400,0.043700,0.000000,0.000000,0.000200,0.000100,0.036700,0.000100,0.001700,0.000300,0.000200,0.000000,0.000000,0.003300,0,0,0,32789,32789,33279,33279,37438,37438,0,0,33279,33279,131072,131072,0,0,256,256,256,512,511,511,0,0,0,0
32768,multi_root_k64,0.028200,0.009600,0.017300,0.001300,0.000000,0.000000,0.017300,0.000100,0.000000,0.017100,0.000000,0.000000,0.000100,0.000100,0.015700,0.000000,0.000300,0.000100,0.000000,0.000000,0.000000,0.000500,0,0,0,32789,32789,33279,33279,37438,37438,0,0,33279,33279,131072,131072,0,0,64,64,64,320,511,319,0,0,0,0
32768,multi_root_k16,0.018200,0.003500,0.014300,0.000400,0.000000,0.000000,0.014300,0.000000,0.000100,0.014100,0.000000,0.000000,0.000100,0.000000,0.013500,0.000000,0.000100,0.000100,0.000000,0.000000,0.000000,0.000200,0,0,0,32789,32789,33279,33279,37438,37438,0,0,33279,33279,131072,131072,0,0,16,16,16,272,511,271,0,0,0,0
32768,multi_root_k4,0.015000,0.001700,0.013000,0.000300,0.000000,0.000000,0.013000,0.000100,0.000000,0.012800,0.000100,0.000000,0.000000,0.000000,0.012300,0.000000,0.000000,0.000100,0.000000,0.000000,0.000000,0.000200,0,0,0,32789,32789,33279,33279,37438,37438,0,0,33279,33279,131072,131072,0,0,4,4,4,260,511,259,0,0,0,0
32768,multi_root_k1,0.013100,0.001000,0.011800,0.000300,0.000000,0.000000,0.011700,0.000000,0.000000,0.011600,0.000000,0.000000,0.000100,0.000000,0.011100,0.000000,0.000000,0.000100,0.000000,0.000000,0.000000,0.000200,0,0,0,32789,32789,33279,33279,37438,37438,0,0,33279,33279,131072,131072,0,0,1,1,1,257,511,256,0,0,0,0
8192,edge_f0,0.027300,0.003200,0.023000,0.001100,0.000000,0.000000,0.023000,0.000400,0.000200,0.022200,0.000000,0.000000,0.000200,0.000000,0.020400,0.000200,0.000000,0.000000,0.000000,0.000000,0.000000,0.001000,0,0,0,8213,8213,28321,28321,31861,31861,0,0,28321,28321,65536,65536,0,0,1,1,1,257,256,256,0,0,0,0
8192,edge_f1,0.016000,0.001500,0.014300,0.000200,0.000000,0.000000,0.014100,0.000000,0.000100,0.014000,0.000000,0.000000,0.000000,0.000000,0.013600,0.000000,0.000100,0.000000,0.000000,0.000000,0.000000,0.000200,0,0,0,8213,8213,28321,28321,31861,31861,0,0,28321,28321,65536,65536,0,0,1,1,1,257,511,511,0,0,0,0
8192,edge_f3,0.017800,0.001100,0.016500,0.000200,0.000000,0.000000,0.016300,0.000000,0.000000,0.016300,0.000000,0.000000,0.000000,0.000000,0.015800,0.000000,0.000000,0.000000,0.000000,0.000000,0.000000,0.000100,0,0,0,8213,8213,28321,28321,31861,31861,0,0,28321,28321,65536,65536,0,0,1,1,1,257,1018,1018,0,0,0,0
8192,edge_f15,0.037700,0.001100,0.036400,0.000200,0.000000,0.000000,0.036300,0.000000,0.000100,0.036100,0.000100,0.000000,0.000000,0.000000,0.035700,0.000000,0.000000,0.000000,0.000000,0.000000,0.000000,0.000200,0,0,0,8213,8213,28321,28321,31861,31861,0,0,28321,28321,65536,65536,0,0,1,1,1,257,3976,3976,0,0,0,0
8192,edge_f63,0.075400,0.001100,0.074100,0.000200,0.000000,0.000000,0.073800,0.000000,0.000000,0.073800,0.000000,0.000000,0.000000,0.000000,0.073400,0.000100,0.000000,0.000100,0.000000,0.000000,0.000000,0.000200,0,0,0,8213,8213,28321,28321,31861,31861,0,0,28321,28321,65536,65536,0,0,1,1,1,257,14368,14368,0,0,0,0
32768,edge_f0,0.030800,0.005100,0.023700,0.002000,0.000000,0.000000,0.023500,0.001200,0.000300,0.021800,0.000000,0.000000,0.000200,0.000000,0.018700,0.000200,0.000200,0.000100,0.000200,0.000000,0.000000,0.001500,0,0,0,32789,32789,52897,52897,59509,59509,0,0,52897,52897,131072,131072,0,0,1,1,1,257,256,256,0,0,0,0
32768,edge_f1,0.018000,0.001400,0.016400,0.000200,0.000000,0.000000,0.016300,0.000000,0.000000,0.016200,0.000100,0.000000,0.000000,0.000000,0.015600,0.000000,0.000100,0.000100,0.000000,0.000000,0.000000,0.000200,0,0,0,32789,32789,52897,52897,59509,59509,0,0,52897,52897,131072,131072,0,0,1,1,1,257,511,511,0,0,0,0
32768,edge_f3,0.020000,0.001300,0.018500,0.000200,0.000000,0.000000,0.018300,0.000000,0.000000,0.018200,0.000100,0.000000,0.000000,0.000000,0.017800,0.000000,0.000200,0.000000,0.000000,0.000000,0.000000,0.000100,0,0,0,32789,32789,52897,52897,59509,59509,0,0,52897,52897,131072,131072,0,0,1,1,1,257,1018,1018,0,0,0,0
32768,edge_f15,0.041000,0.001400,0.039400,0.000200,0.000000,0.000000,0.039300,0.000100,0.000000,0.039200,0.000000,0.000000,0.000000,0.000000,0.038600,0.000100,0.000100,0.000000,0.000000,0.000000,0.000000,0.000200,0,0,0,32789,32789,52897,52897,59509,59509,0,0,52897,52897,131072,131072,0,0,1,1,1,257,3976,3976,0,0,0,0
32768,edge_f63,0.085500,0.001200,0.084100,0.000200,0.000000,0.000000,0.083900,0.000000,0.000000,0.083900,0.000000,0.000000,0.000000,0.000100,0.083400,0.000000,0.000100,0.000000,0.000000,0.000000,0.000000,0.000200,0,0,0,32789,32789,52897,52897,59509,59509,0,0,52897,52897,131072,131072,0,0,1,1,1,257,14368,14368,0,0,0,0
8192,typeref_r1,0.008700,0.003100,0.004700,0.000900,0.000000,0.000000,0.004600,0.000400,0.000200,0.003900,0.000000,0.000000,0.000100,0.000400,0.001000,0.000100,0.000000,0.000000,0.000100,0.000000,0.000000,0.001900,1,1,0,8213,8213,12288,12288,13824,13824,0,0,12288,12288,32768,32768,0,0,1,1,1,1,1,0,0,0,0,0
8192,typeref_r4,0.003800,0.001800,0.001700,0.000300,0.000000,0.000000,0.001500,0.000000,0.000000,0.001500,0.000000,0.000000,0.000000,0.000200,0.000400,0.000000,0.000100,0.000000,0.000000,0.000000,0.000000,0.000600,1,4,0,8213,8213,12288,12288,13824,13824,0,0,12288,12288,32768,32768,0,0,1,1,1,1,4,0,0,0,0,0
8192,typeref_r16,0.003700,0.001800,0.001700,0.000200,0.000000,0.000000,0.001600,0.000000,0.000000,0.001500,0.000100,0.000000,0.000000,0.000200,0.000400,0.000000,0.000000,0.000100,0.000000,0.000000,0.000000,0.000700,1,16,0,8213,8213,12288,12288,13824,13824,0,0,12288,12288,32768,32768,0,0,1,1,1,1,16,0,0,0,0,0
8192,typeref_r64,0.005200,0.001800,0.003100,0.000300,0.000000,0.000000,0.002800,0.000000,0.000000,0.002800,0.000000,0.000000,0.000000,0.000700,0.000500,0.000100,0.000000,0.000100,0.000000,0.000000,0.000000,0.001200,1,64,0,8213,8213,12288,12288,13824,13824,0,0,12288,12288,32768,32768,0,0,1,1,1,1,64,0,0,0,0,0
8192,typeref_r256,0.009300,0.002800,0.005600,0.000900,0.000000,0.000000,0.005500,0.000000,0.000100,0.005400,0.000000,0.000000,0.000000,0.002100,0.000800,0.000000,0.000100,0.000400,0.000000,0.000000,0.000000,0.002000,1,256,0,8213,8213,12288,12288,13824,13824,0,0,12288,12288,32768,32768,0,0,1,1,1,1,256,0,0,0,0,0
32768,typeref_r1,0.014300,0.006100,0.006600,0.001600,0.000000,0.000000,0.006200,0.000800,0.000200,0.005100,0.000000,0.000000,0.000100,0.000300,0.001700,0.000000,0.000200,0.000000,0.000100,0.000000,0.000000,0.002200,1,1,0,32789,32789,36864,36864,41472,41472,0,0,36864,36864,131072,131072,0,0,1,1,1,1,1,0,0,0,0,0
32768,typeref_r4,0.004600,0.002400,0.001900,0.000300,0.000000,0.000000,0.001800,0.000100,0.000000,0.001700,0.000000,0.000000,0.000000,0.000200,0.000600,0.000000,0.000000,0.000100,0.000000,0.000000,0.000000,0.000600,1,4,0,32789,32789,36864,36864,41472,41472,0,0,36864,36864,131072,131072,0,0,1,1,1,1,4,0,0,0,0,0
32768,typeref_r16,0.004300,0.002200,0.001800,0.000300,0.000000,0.000000,0.001700,0.000100,0.000000,0.001600,0.000000,0.000000,0.000000,0.000200,0.000300,0.000000,0.000000,0.000100,0.000000,0.000000,0.000000,0.000800,1,16,0,32789,32789,36864,36864,41472,41472,0,0,36864,36864,131072,131072,0,0,1,1,1,1,16,0,0,0,0,0
32768,typeref_r64,0.007200,0.002400,0.004200,0.000600,0.000000,0.000000,0.004000,0.000000,0.000000,0.004000,0.000000,0.000000,0.000000,0.001100,0.000500,0.000000,0.000000,0.000200,0.000000,0.000000,0.000000,0.002100,1,64,0,32789,32789,36864,36864,41472,41472,0,0,36864,36864,131072,131072,0,0,1,1,1,1,64,0,0,0,0,0
32768,typeref_r256,0.010000,0.003100,0.006500,0.000400,0.000000,0.000000,0.006300,0.000000,0.000000,0.006300,0.000000,0.000000,0.000000,0.001900,0.000800,0.000100,0.000000,0.000600,0.000000,0.000000,0.000000,0.002800,1,256,0,32789,32789,36864,36864,41472,41472,0,0,36864,36864,131072,131072,0,0,1,1,1,1,256,0,0,0,0,0
RC-V2-07 TYPEREF RESOLUTION SCALING PASS
