"path","sha256"
"ArchitectureRepairBenchmark.vcxproj","19B3F3AB277D57A655F1B6FA8B1F3DB0B442FE476BCAEC800975E3976C17541C"
"benchmarks\architecture_repair_benchmark.cpp","265DC54F6971974DF6ABB67E87DA136FD78B0A1111CA36BB90D626B454D03EF9"
"benchmarks\project_builder_benchmark.cpp","157F70933648C91CAC6E467C4A76AC83E3D60F237175B7B7B98759770D1573FF"
"benchmarks\project_load_metrics_benchmark.cpp","12FA397EB54DB5AD08E986D6D47AD310B3DEC5DF8BBDAC8CA1505A2FA23799F3"
"benchmarks\rc_v2_01_benchmark.cpp","540515898EB0F175D9168317FAD710C9C3F73387E2A17F6A22DF17C591BB4B38"
"benchmarks\rc_v2_02b_frontend_benchmark.cpp","AE1B6C4445BC5F25BC4427648A16113A70701015D64DB3320AD1718CCF2ACD4A"
"benchmarks\source_manager_layout_benchmark.cpp","D9E45CD7F71A523A46022C6469B937E907D881A4FA6CFF44B62B4D8A617614B5"
"benchmarks\source_manager_persistence_benchmark.cpp","82BB3FA4F3D18E0A6C9600DF5432167106863A09B89AA9F189BD83FA51FC8A62"
"benchmarks\summarize_architecture_repair.ps1","3549C89B4A957775A4709DE25445F17A5608513408424937CB744C8C20628697"
"out\architecture_repair\baseline_raw_2.csv","4333FA284B8A1369E51C71CD90470F13A911D0FB445CB3518A76B739F07E07C1"
"out\architecture_repair\baseline_raw_3.csv","633CC77091AFF635E7B7A2C325987B086FF9476FD3FA79F408767BED8C243E2D"
"out\architecture_repair\baseline_raw_4.csv","5EE14C0B06B6DE98A76F4BCD912CB288089EB95E193BF4B247D8F3128FD34D4A"
"out\architecture_repair\baseline_raw.csv","5BF13CCA3B9E6391F0F634EBEED94AE36A85C380956BF236750FE82D1159EAEA"
"out\architecture_repair\candidate_raw_2.csv","D27196B4D43F7DFA1C03C8D72F4D66BC5CCB7E09E699F8E1A27AB07EBEF26AFF"
"out\architecture_repair\candidate_raw_3.csv","E12D2B127F027D0BA5E7B2FBD1C5BAD0655DA7398C44968A9A9EE694B8E52DB3"
"out\architecture_repair\candidate_raw_4.csv","021187E5F026790E3C873707900EBB3C71E76B94E4A9EF41D9A503113D4653C4"
"out\architecture_repair\candidate_raw.csv","1C2EB8541A099849225148E55C582AD785B5BECABF7D39C14F1591F5F16C9633"
"DiagnosticsCoreTests.vcxproj","204C0A0FB0CC6DA6F7F5EAAD1CB1791AECB639E93A2D8F96D961037ABA2E7675"
"out\architecture_repair\baseline\ArchitectureRepairBenchmark.vcxproj","19B3F3AB277D57A655F1B6FA8B1F3DB0B442FE476BCAEC800975E3976C17541C"
"out\architecture_repair\baseline\benchmarks\architecture_repair_benchmark.cpp","265DC54F6971974DF6ABB67E87DA136FD78B0A1111CA36BB90D626B454D03EF9"
"out\architecture_repair\baseline\out\Release\architecture_repair_benchmark.exe","71D0BC348310EC353A9833BED8B02AF2401E446A4A7516DE537B48351568214E"
"out\architecture_repair\baseline\server_entry\config\server_configuration_loader.cpp","79D006982D39FE0E4FD4D1115CF8BC6D9313D1BB3376A80A2C6ADC4DA8F5EC64"
"out\architecture_repair\baseline\server_entry\config\server_configuration_loader.hpp","4F327B3FFCC82DA04BFEB293A340A1F3581B0A428A96EFAD7CEDFE4B86EC9A05"
"out\architecture_repair\baseline\server_entry\config\server_configuration.hpp","8568F4C0BA52DDE8982160515805800B0D44CCD6D6AE9B8173900B06C6EE049F"
"out\architecture_repair\baseline\server_entry\core\filesystem\file_snapshot.cpp","08F1CD90DE77A29D041F842410C492E563394E14C9F16B0E7766866B33642511"
"out\architecture_repair\baseline\server_entry\core\filesystem\file_snapshot.hpp","8FAB701272BAB3DE1728AFCB9111E246252FD5B93321A835941DA8A9F12CC4CF"
"out\architecture_repair\baseline\server_entry\core\hash\sha256.cpp","9C6D833B6FE729A025981BB20682BF75261A08C9B63ED3830E5B0C9F8A446B35"
"out\architecture_repair\baseline\server_entry\core\hash\sha256.hpp","57BF6A5250D8FF7602CDC577FB81F3CF09EFB5DC4B15BBCF9D972B02CC9459E6"
"out\architecture_repair\baseline\server_entry\diagnostics\diagnostic_buffer.cpp","A68692113C5E52A2D3C899DC6A522D6320AB04BA7CA6006A0ED3470F19C78D5B"
"out\architecture_repair\baseline\server_entry\diagnostics\diagnostic_buffer.hpp","857F6D1A0FD7E937C822A2896989D849D14934F0CFFF771F9603F178560BF359"
"out\architecture_repair\baseline\server_entry\diagnostics\diagnostic_descriptor.hpp","6E4ED42F0816C915D7ADC4487758E00E60933F293EC55BB8F5D7077CA75A040C"
"out\architecture_repair\baseline\server_entry\diagnostics\diagnostic_registry.hpp","1E6B15644179F269CC27B514332708ABD1C49BC7E58FB680D978952A71726BCC"
"out\architecture_repair\baseline\server_entry\diagnostics\diagnostic.hpp","7F7FD58EBAC11132495F68B6D107E7985FC30A8CCAA6354FEEAF668C176A13C9"
"out\architecture_repair\baseline\server_entry\IMPLEMENTATION_STATUS_V2.md","E258CDC68526D2AFCE000E58FEC310E2F2679446E70F247B6E628E2128F95059"
"out\architecture_repair\baseline\server_entry\json\json_ascii.hpp","C957D6F0B5597FE129C8A46235973C593D4C25EC2C3537E9D9D091CDBB02AA5B"
"out\architecture_repair\baseline\server_entry\json\json_buffer.hpp","803238AD3808461CF2F0DE4C9CC3F408282E3C2526DBA89C3F28928E5C969199"
"out\architecture_repair\baseline\server_entry\json\json_error.hpp","FC32B66015B1C5F31F1A84BF063847528A19F8C5BC694F03DE9BFE026422953F"
"out\architecture_repair\baseline\server_entry\json\json_escape.hpp","43B97D358BCD2F561320B17F5D50FCED02D4636FE3027CBC7843A521C60E53A2"
"out\architecture_repair\baseline\server_entry\json\json_parser.cpp","1FA922D26F8E9650A8B2A10FB9D9A2A3E4D4DF151D3A3069EFB1F49B03C1F5DD"
"out\architecture_repair\baseline\server_entry\json\json_parser.hpp","F5F07BB835D8B27D08453E5BCCCC883523B786E6CE29A58C258E88217280E208"
"out\architecture_repair\baseline\server_entry\json\json_unicode.hpp","71D9F0C632B722F5E59724E5BD9013C2162030B50F4AE5ABFE41EFC5021DD5C4"
"out\architecture_repair\baseline\server_entry\json\json_writer.cpp","59EB22C3B60CEF0654ACB1ECD07ECE05623483FA5E4E6DAFFD47E4E0D4810CE9"
"out\architecture_repair\baseline\server_entry\json\json_writer.hpp","C4156AFA9ACDC1F44AB46EB1E0A8C9DE0421D1DBE4E92A9ACCC597047C1FED61"
"out\architecture_repair\baseline\server_entry\logging\console_log_sink.cpp","2A476FF221A82CC94BE0859C6BEA1C9099807E3A37B1A021700C75B7328F86D8"
"out\architecture_repair\baseline\server_entry\logging\console_log_sink.hpp","7D8805F20C7B94B591CB0761C4F4637B9732E5FB475F2400E7E37DBAE8CE1B0B"
"out\architecture_repair\baseline\server_entry\logging\log_record.hpp","9FC11D968ABC31EDA4E5FAA965888FEDAF81C3D48564CBC70E82CFE9601F836C"
"out\architecture_repair\baseline\server_entry\logging\log_sink.hpp","3EC90A8C396585626CF8F68DC91AB0DEA0BDB311EEC1B5E57209E693D245E873"
"out\architecture_repair\baseline\server_entry\logging\log.hpp","C866591B61B9506FDC63845727A167462B251C799A7D209456D457D3F464F731"
"out\architecture_repair\baseline\server_entry\logging\logger.cpp","430D11DAFDEEB1D34E7D13DDBDB54DF4D7AA664874E3943C3BD3E8EC2AEFFC1A"
"out\architecture_repair\baseline\server_entry\logging\logger.hpp","85685AEC7B18A14D9E2CDA396F37700111D3F07387034AB6EF2AAA1AB492F211"
"out\architecture_repair\baseline\server_entry\main.cpp","9E956ED167C30E14D37F55FC9EE0805FF3E3CA871EC974C0B5C96AD61909348C"
"out\architecture_repair\baseline\server_entry\member_index.hpp","DCB332CEC156019A469A1107F3EE26A4A8428AEC7D60832C5BB20DCE18B5AFB9"
"out\architecture_repair\baseline\server_entry\metrics\metric_descriptor.hpp","296C93A977AF0F2517ABDAD94C66D6D71B7D232945F315F1252E674C44043363"
"out\architecture_repair\baseline\server_entry\metrics\metric_registry.hpp","FE24E5167E67B1582F623E6D3F8A96E9A53E8ECD587312D1A538B47B993C2B39"
"out\architecture_repair\baseline\server_entry\metrics\metric.hpp","65249B6583C1A2EDA78B181B6B2D92C5EC2E25175C81003A173AE19D32C9EBC7"
"out\architecture_repair\baseline\server_entry\metrics\metrics_snapshot.hpp","5EEBB04653ACCD5467E13B5D4546ECA56ED6AAC287ECA7AA0EDC0A42DB7BBA21"
"out\architecture_repair\baseline\server_entry\metrics\metrics_store.cpp","88EB2FBFD1F3006B044C22F12035FEB8678D09225669A9C960AE031EF4BFBD26"
"out\architecture_repair\baseline\server_entry\metrics\metrics_store.hpp","2DA6718CA4F113A9C3DB4A3C4DBA8CF531B6ABBCED844D2B529351FAB49014CA"
"out\architecture_repair\baseline\server_entry\metrics\scoped_timer.hpp","7F69C77C96F5867A1F8028D8F7B34989F74877E4CFE6C5C7AAAD3DE103D834E6"
"out\architecture_repair\baseline\server_entry\metrics\source_acquisition_telemetry.hpp","B3540B94EECE91702C826745AB6D35AE536B50797ECB963B6CAC62F02B8D83E0"
"out\architecture_repair\baseline\server_entry\operation.hpp","531C3392E89BB7088BD1256E8ED698C2486A6D95AB730A78E0A1FCAAC6B7A203"
"out\architecture_repair\baseline\server_entry\project\builder\canonical_source_facts.hpp","DE1920922D796EF90D11BEFD4A158888B5AD941292CA39A3973908B541C1FA43"
"out\architecture_repair\baseline\server_entry\project\builder\project_builder.cpp","B6F0CDC6DA024BCE6EB16444F5F172CA7802CF11FA5D67957D8B4D0144E1C8DF"
"out\architecture_repair\baseline\server_entry\project\builder\project_builder.hpp","2E06E79481AEDE1A0BE4F57EBB2E1F6406B4E86889D19B150B6E607D20DBE33E"
"out\architecture_repair\baseline\server_entry\project\builder\source_build_entry.cpp","325B5DAC52C3783BFB4E4844679A6F05D65F62C2674B6875BB9C3834DD2714A7"
"out\architecture_repair\baseline\server_entry\project\builder\source_build_entry.hpp","2B1F0BCE683F6BC53272ECA9C97AACCA826C1B7F3282688E8C1521F961530CA8"
"out\architecture_repair\baseline\server_entry\project\builder\source_contribution_cache.cpp","EA282741EDD7CE087760334283B564AD3519443B87859ED512BF6CB2F7B71440"
"out\architecture_repair\baseline\server_entry\project\builder\source_contribution_cache.hpp","EEFB47E146F323DC065138BD2A15345FA7027807CFBE88D394E9778A13D6F48F"
"out\architecture_repair\baseline\server_entry\project\frontend\source_frontend_cache.cpp","1677C2D5614663F4702614A6242E8581A9DCB3AD4522C0DECB546613CF7D7D61"
"out\architecture_repair\baseline\server_entry\project\frontend\source_frontend_cache.hpp","60119C981AAF686462442B13C116090834BF574F71B2BB3597B3B53B9B0D9BEE"
"out\architecture_repair\baseline\server_entry\project\frontend\source_frontend_generation.cpp","44169F4C9478FFA25F3DC803AC83DA783A3ECCD6928CFAC061329B596E8B68F0"
"out\architecture_repair\baseline\server_entry\project\frontend\source_frontend_generation.hpp","ADEECFDA0F164EE276FC3BFFD2A8798055D81C780C944A401D11A1A59BCF497C"
"out\architecture_repair\baseline\server_entry\project\frontend\source_frontend_incremental.cpp","3212033CA35939EC744D63DF6CABCDCC13E640C5B0EDF63134177A16B5F700BA"
"out\architecture_repair\baseline\server_entry\project\frontend\source_publisher.cpp","5D02DCF8B515993A2B61CC7BBD3C6BAAA86A6F7A12B84A5AFC0A52F51AA23BDC"
"out\architecture_repair\baseline\server_entry\project\frontend\source_publisher.hpp","F8748284BC316FFC36536EA764B11D265CDAB5B09256FD267220C0EC5C23F3F4"
"out\architecture_repair\baseline\server_entry\project\graph\builtin_type.cpp","CE776832C0774A5499C48612E4F3CB60480E46FEF8A87BC58D26DE940A2BCCA1"
"out\architecture_repair\baseline\server_entry\project\graph\builtin_type.hpp","7AE6FC3D33E172E49515F22DE23F37D155F8FC7AB4F78314F394D41AF80B4B7D"
"out\architecture_repair\baseline\server_entry\project\graph\compiled_persistence.cpp","227E42857D152109C0EAD8657BC8CD289553092F934D405AD230EC201E6C005E"
"out\architecture_repair\baseline\server_entry\project\graph\compiled_persistence.hpp","F149F357496222C8CBE054474D18794A0A9CB954516DB516CD0565B22D0EAE7F"
"out\architecture_repair\baseline\server_entry\project\graph\compiled_state.hpp","55BE2896B7DF84C30A7A04AB9B694C69580A03BCCAA6F8339F9839F4158029E6"
"out\architecture_repair\baseline\server_entry\project\graph\enum_build.hpp","85808F84217DF737DF7EA4C61FB2AE83E56F04E3302A62A466CD01CB92ED1BBA"
"out\architecture_repair\baseline\server_entry\project\graph\graph_build_transaction_test_access.hpp","34EF57EF6286FFA8CB7E6638474EF694B8F8C42141351B0747498E12F8220C84"
"out\architecture_repair\baseline\server_entry\project\graph\graph_build_transaction.cpp","5F028382FD7E9A7E6A9C06B6A766FD1F6934D63ABB39AE87A0839BCEB3E5D15E"
"out\architecture_repair\baseline\server_entry\project\graph\graph_build_transaction.hpp","53072D93E6E3C297E5C6225A2363F3C8E021CC73D3A4FA7BCBF9B0E64AD952F6"
"out\architecture_repair\baseline\server_entry\project\graph\graph_manager.cpp","3BDFA31B6B8A6D98A5333073FDB01CAC959BB33136F8539393D9E7ADCF3EF512"
"out\architecture_repair\baseline\server_entry\project\graph\graph_manager.hpp","939A3F1FFF3CD876D8F74C77298E643C32A97E36BC9DAAA013C966F8F86D34D1"
"out\architecture_repair\baseline\server_entry\project\graph\graph.cpp","2D8AC7C2B90A18B33E60CBD27F8512DD91BF52723CE63D361895F09AFD6AD4CA"
"out\architecture_repair\baseline\server_entry\project\graph\graph.hpp","7FF46E1B4810EFF59918648CD252158501FEE1961AEFE47759A51AE1B7DABE42"
"out\architecture_repair\baseline\server_entry\project\graph\type_ref.hpp","0B0C364C3C25726917E28037153359B7B2C850E98362BFF004FFCEB580A2C0E9"
"out\architecture_repair\baseline\server_entry\project\language\aggregate_semantics.hpp","6BE746E21371EBA19A9D72AEC51F5B0296FDF037E730F00D766D2ED8C0FBFBB5"
"out\architecture_repair\baseline\server_entry\project\language\enum_semantics.hpp","9758684FA3C0449DC26F3C9BB0F7897D7070FCA2139E12F5EC8A792B3D3E64AD"
"out\architecture_repair\baseline\server_entry\project\parser\language_configuration.hpp","4C1ABBBA8E497189E914606806C4C697B2426EC7C4ADDCF200442FD10947D9D4"
"out\architecture_repair\baseline\server_entry\project\parser\lexer.cpp","650F6C654DED1CE079C1C5DFA0BFC0337376292E85E6C8A9AAAE0E3A98ED63C4"
"out\architecture_repair\baseline\server_entry\project\parser\lexer.hpp","593D8270F6A6A54AA2BFE87BA29D541D89397A0B127B24B1F37B565D1724A4ED"
"out\architecture_repair\baseline\server_entry\project\parser\parser.cpp","D99FE76EF4A1F7975E4CC54ED6F77983189B849DDB2195E4E0D5FEC15CE83101"
"out\architecture_repair\baseline\server_entry\project\parser\parser.hpp","BF6EB71708E0FB9A866956162B6FCDF73C4F6C9B24051B9C8A9F30187B1D7367"
"out\architecture_repair\baseline\server_entry\project\parser\source_context.cpp","1CF4123C24AE90177FEA8731ED93F821AEC7CF779F2F3C0B7B4290DB2C33C7A7"
"out\architecture_repair\baseline\server_entry\project\parser\source_context.hpp","93F7DE69D90DB6B2F5089221B1A010898DB73C089B34FBCC2050009339DF1BAF"
"out\architecture_repair\baseline\server_entry\project\parser\source_environment.cpp","3FB4C045FD8CD5E390CEE8F40826206FF5A36E22F0590B4E74053F431533C8DD"
"out\architecture_repair\baseline\server_entry\project\parser\source_environment.hpp","63F38D93C9673338770A5496712D80C61BD9B1E6DF5FBC5126C65CD368B1D788"
"out\architecture_repair\baseline\server_entry\project\parser\source_facts.hpp","D5803AD25D52FDE952D7A03A2B9175E00D742BF893860C958B217710147FF7B8"
"out\architecture_repair\baseline\server_entry\project\parser\token.hpp","0E8B6B4FA37935F2A914716EEBDC00124C60AA7C1DC23D8A82AE3B84DFE18805"
"out\architecture_repair\baseline\server_entry\project\project_composition_resolver.cpp","63B86191A9D3160093884619D07CCE461209316BF0D741470AAFBA18643D9053"
"out\architecture_repair\baseline\server_entry\project\project_composition_resolver.hpp","DC1D690088A603785867CC4CE815A4DFA3148DECE8210FC2D0468A1E40981F44"
"out\architecture_repair\baseline\server_entry\project\project_composition.hpp","0AF23B39729B5BD62DB860B94D88773C2EE3523C930B4E47CF68CC7B7EF17668"
"out\architecture_repair\baseline\server_entry\project\project_configuration_loader.cpp","369E7E291FE6ED31BD81E8E1146C996DF7DB9188B7D1808C932439C7ACD35A9A"
"out\architecture_repair\baseline\server_entry\project\project_configuration_loader.hpp","CD5B9F71BE05237270F7842A9CEEC3809159F5CF35AEE415D3CAD8E7BA9D8A87"
"out\architecture_repair\baseline\server_entry\project\project_configuration.hpp","07663CDA155D7DA9A74721F018275E25985C924586ECD8AD95E8EC84157AF85A"
"out\architecture_repair\baseline\server_entry\project\project_context.cpp","FF1A8A25020DA742F4D10CB09E410C120D720F7B800B3BD3B28D90F9D4A07F0E"
"out\architecture_repair\baseline\server_entry\project\project_context.hpp","B35F1691E37597F123D91459BDA8B7302DE425B47689C760D48164964278AFFE"
"out\architecture_repair\baseline\server_entry\project\project_root.hpp","4969F12F61B20BFD5447617D81FABE6535D02B15C04836AA978691E486B6757F"
"out\architecture_repair\baseline\server_entry\project\runtime\runtime.cpp","48788FA71AC32CE7CC9D3B623D10B280B1BAAE34216C1307F7EAE30F3AFFC0CC"
"out\architecture_repair\baseline\server_entry\project\runtime\runtime.hpp","5F361368B62824FB1D4E496C692B130019AB3C53F5057EAA372ABB39ABE9D1F8"
"out\architecture_repair\baseline\server_entry\project\shm\shared_memory.cpp","BF9ED05303A5C17DC45C3B45190D6AD28C88AD534F2749903EC5C222117BB3BE"
"out\architecture_repair\baseline\server_entry\project\shm\shared_memory.hpp","5BFCF260F9B66DD16EC4FA592AA4C54FB8C0A3D6971639208300CFA3A98FC263"
"out\architecture_repair\baseline\server_entry\project\source_entity_ref.hpp","E4B7685BEF0F7E0BE24BAA5F28094470C94A95AE1A49EB9193C724BEC948A870"
"out\architecture_repair\baseline\server_entry\project\source\file_snapshot.cpp","42798DD61BF1708F3F2F519F50DB6A901D621DD18A5DAAA8274227B55665AEF8"
"out\architecture_repair\baseline\server_entry\project\source\file_snapshot.hpp","2AE22B5773B05C2B1282032A838E83A03C82306649EBA9B402BADB0DDA5A051E"
"out\architecture_repair\baseline\server_entry\project\source\source_change_tracker.cpp","C106753E758027ED6FCF578336BD18CBCCBD042FF287F7EBAA2366D8001522DD"
"out\architecture_repair\baseline\server_entry\project\source\source_change_tracker.hpp","4CDC0766DED03FCB4E193232772F9973822163BC696EAAAB5F6CA495A2D87234"
"out\architecture_repair\baseline\server_entry\project\source\source_hash.cpp","7C839E85E0A9E542AA60F890FAF6DE6954983A9798C353E88A7BFBFC78886ACC"
"out\architecture_repair\baseline\server_entry\project\source\source_hash.hpp","C034E781D741AFC2E447EAF4C99D21B7645D6CF8FBE9FFFE736D9297F6B55D12"
"out\architecture_repair\baseline\server_entry\project\source\source_manager_persistence.cpp","40D2913AEEB12F74FC8C807BAAA18E5DC5ED890AAD01D8ED6F72D814C1DE19B2"
"out\architecture_repair\baseline\server_entry\project\source\source_manager_persistence.hpp","0462F4CB9EF8B62574CC6C87079EC91E8189D1E17C81B9A3CF145BF51240DEEF"
"out\architecture_repair\baseline\server_entry\project\source\source_manager.cpp","7200EED66BC19734C90693BB0B28098085DD7424C42952C1150DDBBE4C95E4B4"
"out\architecture_repair\baseline\server_entry\project\source\source_manager.hpp","499CA572B4B3E64F77CDFAF3B239318C297CC6C334519819EDE6D5E23DB629E8"
"out\architecture_repair\baseline\server_entry\project\source\source_view.hpp","038D647398A59025024C09BFE1CF2317A3E82DEF23D17503E518DEF2D94FAE39"
"out\architecture_repair\baseline\server_entry\project\string\string_hash.hpp","1DA3BF561BB2B03BD20C15F941F7284EB492628516392FCCC510E598792A4154"
"out\architecture_repair\baseline\server_entry\project\string\string_registry.cpp","69303C5070F7701F862C5B638C22E18756536809CA3595C8FD94B29BF2E3F692"
"out\architecture_repair\baseline\server_entry\project\string\string_registry.hpp","F179424C7051FE5900D8650B14AC9F16E5B7DA30F74D8D9CA38B228858F9D2C4"
"out\architecture_repair\baseline\server_entry\README.md","E5ED4D2AF43D7869BB575288DEBDB686C74883D941EA33C90FBC02EE7FBB927D"
"out\architecture_repair\baseline\server_entry\REPAIR_STATUS.md","2D083D15E0DD69704D98D938A48A637712CD5F923DCB8F4B7F5C2B51B889351F"
"out\architecture_repair\baseline\server_entry\server_context.cpp","37043B3C5B5D8BD0963FEA74D59972866A1A636DACD0401CD27D9FA00EBF6114"
"out\architecture_repair\baseline\server_entry\server_context.hpp","995C14B97BD3770719BC9FCFA7615668518AA1B6F036DE5D2A7BDF3044A41BAC"
"out\architecture_repair\baseline\server_entry\SERVER_ENTRY_ARCHITECTURE_V2.md","8D9DCA9C416D418A058D4109D2B0B8EA93EECCB420093D18800754C0391D08F7"
"out\architecture_repair\baseline\server_entry\source_id.hpp","5296167FF5D0C00AD05A7AB1907DD5B8725109A906BF099F356E953C85A2272A"
"out\architecture_repair\baseline\server_entry\stable_id.hpp","E5B3A43F815494791B8C20D68C297F68C3FC61DE847810B4BEB3172A27493FB5"
"out\architecture_repair\baseline\server_entry\status.hpp","0892FB7B139C18E1DF00945B83491D0A5B69D74D28260E705D514682B39AEBFA"
"out\architecture_repair\baseline\server_entry\string_id.hpp","BD5EA73D21436B3F598996A343BF4E4F1E984B1D7FE3C2B106659BAB17C5C24B"
"out\architecture_repair\baseline\server_entry\tests\abi_validation_test.cpp","B6EA1CEA7C815AE8165BFB2F105F95AC7F0D258A386732E3A685E475CB77D358"
"out\architecture_repair\baseline\server_entry\tests\bulk_rebuild_test.cpp","95EAB952D74F0D2C974325066242FD8D9D0413DD3865F64942434389DCBB0344"
"out\architecture_repair\baseline\server_entry\tests\compiled_dangling_member_test.cpp","3C3CBB49ED90F62B4234DAA3DB1B3201CC023AC04D5EA08C98039F8A0FF4D21C"
"out\architecture_repair\baseline\server_entry\tests\compiled_then_source_rebuild_test.cpp","499D0331955C5BA6FDE51FDADF4E46A9B51B343B4E53A84AA887AC5A4B14D7B3"
"out\architecture_repair\baseline\server_entry\tests\dangling_member_guard_test.cpp","6B5AACDC409523E5589F1BB46836BE829940B8ACE6CB94BBBBCA48893ACB81E0"
"out\architecture_repair\baseline\server_entry\tests\definition_arena_rebuild_test.cpp","91ECA4C6D51224C3AC92A0F64EDC9E9F43144EAE363706E821DC63A75220D796"
"out\architecture_repair\baseline\server_entry\tests\enum_malformed_width_test.cpp","AD47DEA919959463B186C60BB8412573511F70A817FBA068306A8219101783DC"
"out\architecture_repair\baseline\server_entry\tests\graph_repair_test.cpp","A4CE25B0BD45D6CADECEEC4EF3F3F7A8A82D37AE024ADBCD1EA9C810D2A62C86"
"out\architecture_repair\baseline\server_entry\tests\include_visibility_test.cpp","0C0672FA804FE6E12BA25477B0F4BB273CDD4413E37E9F0CFE4D794D3A14C1B7"
"out\architecture_repair\baseline\server_entry\tests\parallel_discovery_include_test.cpp","FC4E720ACAF52E9C7CADF2E96E243B47AC16E7AEBE2D0B2479C86F88F79D22C2"
"out\architecture_repair\baseline\server_entry\tests\parallel_rebuild_test.cpp","8C24CA6FCF5200FC81DD9244F513BAB9BAAE45168A9B82BCF5A6FB05B095B926"
"out\architecture_repair\baseline\server_entry\tests\parser_repair_test.cpp","B51A92641A15F2184A276832E678A9C12A274BC1BDFC8066B6219FD4BEA7C85A"
"out\architecture_repair\baseline\server_entry\tests\pending_parallel_test.cpp","65392865F999CB4075993DAA6FBD8FFE849B63DF3D7816D31621F2936C0071AE"
"out\architecture_repair\baseline\server_entry\tests\rc_v2_01a_gates.hpp","3822CB46EED102F5D237B820EACAA8617C6010165720E1D8C7A99890E44A23B4"
"out\architecture_repair\baseline\server_entry\tests\sm_change_test.cpp","4C7ED119115997E17F2FCA5759958D5FDB611F7559E5D57F2B5C0B59F6D3A567"
"out\architecture_repair\baseline\server_entry\tests\source_contribution_cache_test.cpp","C0657EB1F9A9E16D0FA6DD90E1DB37AFC39F751624AB4BAC850CFF56EAB5F632"
"out\architecture_repair\baseline\server_entry\tests\string_registry_rebuild_test.cpp","67A480F94325F5661E5D171AF68944091F97FD809D8281D74C0D4F2B6EEEC579"
"out\architecture_repair\baseline\server_entry\tests\type_ref_rebuild_test.cpp","04AE0E4403B4E424DAE566940F2C3A894ECE24FC3BAA0B799B2624552F2B74C1"
"out\architecture_repair\baseline\server_entry\tests\v2_entry_invariants_test.cpp","3D9564004ABA7F2D58AAD3BB63BCCB9F98837AF1E433407A8E9972A67306F24C"
"out\architecture_repair\baseline\server_entry\type_handle.hpp","FD6471C099240EB192C8400F10A3043BB8D79ED249C0BB741F4ABC97BB721F39"
"out\architecture_repair\comparison.csv","704B569F97C82B55ED9C40BEB5E5670EE5446F77593B61D02E36422FC4B0FD49"
"out\architecture_repair\preexisting_staged.patch","CFFD9AC89E418186EE999B9372B55A1F2F89CBE9D112D31D81ADC06B7C8A1665"
"out\architecture_repair\process_medians.csv","C505C930EF672DDCBE353C74AA3635FC3B09AD14C824EEDCA34486EA1AF23C4E"
"out\architecture_repair\test_results.csv","55863B80710266095B6F83B108779B63457E7BEFCAC21343CEA789B6EE5CD666"
"out\Release\architecture_repair_benchmark.exe","8C2C2D3BD916251C7B53FCBE31BE25BB7D0E88EC0B6A9F032C8BE0CFEB16FED4"
"server_entry\config\server_configuration_loader.cpp","79D006982D39FE0E4FD4D1115CF8BC6D9313D1BB3376A80A2C6ADC4DA8F5EC64"
"server_entry\config\server_configuration_loader.hpp","4F327B3FFCC82DA04BFEB293A340A1F3581B0A428A96EFAD7CEDFE4B86EC9A05"
"server_entry\config\server_configuration.hpp","8568F4C0BA52DDE8982160515805800B0D44CCD6D6AE9B8173900B06C6EE049F"
"server_entry\core\filesystem\file_snapshot.cpp","08F1CD90DE77A29D041F842410C492E563394E14C9F16B0E7766866B33642511"
"server_entry\core\filesystem\file_snapshot.hpp","8FAB701272BAB3DE1728AFCB9111E246252FD5B93321A835941DA8A9F12CC4CF"
"server_entry\core\hash\sha256.cpp","9C6D833B6FE729A025981BB20682BF75261A08C9B63ED3830E5B0C9F8A446B35"
"server_entry\core\hash\sha256.hpp","57BF6A5250D8FF7602CDC577FB81F3CF09EFB5DC4B15BBCF9D972B02CC9459E6"
"server_entry\diagnostics\diagnostic_buffer.cpp","A68692113C5E52A2D3C899DC6A522D6320AB04BA7CA6006A0ED3470F19C78D5B"
"server_entry\diagnostics\diagnostic_buffer.hpp","857F6D1A0FD7E937C822A2896989D849D14934F0CFFF771F9603F178560BF359"
"server_entry\diagnostics\diagnostic_descriptor.hpp","6E4ED42F0816C915D7ADC4487758E00E60933F293EC55BB8F5D7077CA75A040C"
"server_entry\diagnostics\diagnostic_registry.hpp","1E6B15644179F269CC27B514332708ABD1C49BC7E58FB680D978952A71726BCC"
"server_entry\diagnostics\diagnostic.hpp","7F7FD58EBAC11132495F68B6D107E7985FC30A8CCAA6354FEEAF668C176A13C9"
"server_entry\IMPLEMENTATION_STATUS_V2.md","E258CDC68526D2AFCE000E58FEC310E2F2679446E70F247B6E628E2128F95059"
"server_entry\json\json_ascii.hpp","C957D6F0B5597FE129C8A46235973C593D4C25EC2C3537E9D9D091CDBB02AA5B"
"server_entry\json\json_buffer.hpp","803238AD3808461CF2F0DE4C9CC3F408282E3C2526DBA89C3F28928E5C969199"
"server_entry\json\json_error.hpp","FC32B66015B1C5F31F1A84BF063847528A19F8C5BC694F03DE9BFE026422953F"
"server_entry\json\json_escape.hpp","43B97D358BCD2F561320B17F5D50FCED02D4636FE3027CBC7843A521C60E53A2"
"server_entry\json\json_parser.cpp","1FA922D26F8E9650A8B2A10FB9D9A2A3E4D4DF151D3A3069EFB1F49B03C1F5DD"
"server_entry\json\json_parser.hpp","F5F07BB835D8B27D08453E5BCCCC883523B786E6CE29A58C258E88217280E208"
"server_entry\json\json_unicode.hpp","71D9F0C632B722F5E59724E5BD9013C2162030B50F4AE5ABFE41EFC5021DD5C4"
"server_entry\json\json_writer.cpp","59EB22C3B60CEF0654ACB1ECD07ECE05623483FA5E4E6DAFFD47E4E0D4810CE9"
"server_entry\json\json_writer.hpp","C4156AFA9ACDC1F44AB46EB1E0A8C9DE0421D1DBE4E92A9ACCC597047C1FED61"
"server_entry\logging\console_log_sink.cpp","2A476FF221A82CC94BE0859C6BEA1C9099807E3A37B1A021700C75B7328F86D8"
"server_entry\logging\console_log_sink.hpp","7D8805F20C7B94B591CB0761C4F4637B9732E5FB475F2400E7E37DBAE8CE1B0B"
"server_entry\logging\log_record.hpp","9FC11D968ABC31EDA4E5FAA965888FEDAF81C3D48564CBC70E82CFE9601F836C"
"server_entry\logging\log_sink.hpp","3EC90A8C396585626CF8F68DC91AB0DEA0BDB311EEC1B5E57209E693D245E873"
"server_entry\logging\log.hpp","C866591B61B9506FDC63845727A167462B251C799A7D209456D457D3F464F731"
"server_entry\logging\logger.cpp","430D11DAFDEEB1D34E7D13DDBDB54DF4D7AA664874E3943C3BD3E8EC2AEFFC1A"
"server_entry\logging\logger.hpp","85685AEC7B18A14D9E2CDA396F37700111D3F07387034AB6EF2AAA1AB492F211"
"server_entry\main.cpp","9E956ED167C30E14D37F55FC9EE0805FF3E3CA871EC974C0B5C96AD61909348C"
"server_entry\member_index.hpp","DCB332CEC156019A469A1107F3EE26A4A8428AEC7D60832C5BB20DCE18B5AFB9"
"server_entry\metrics\metric_descriptor.hpp","296C93A977AF0F2517ABDAD94C66D6D71B7D232945F315F1252E674C44043363"
"server_entry\metrics\metric_registry.hpp","FE24E5167E67B1582F623E6D3F8A96E9A53E8ECD587312D1A538B47B993C2B39"
"server_entry\metrics\metric.hpp","65249B6583C1A2EDA78B181B6B2D92C5EC2E25175C81003A173AE19D32C9EBC7"
"server_entry\metrics\metrics_snapshot.hpp","5EEBB04653ACCD5467E13B5D4546ECA56ED6AAC287ECA7AA0EDC0A42DB7BBA21"
"server_entry\metrics\metrics_store.cpp","88EB2FBFD1F3006B044C22F12035FEB8678D09225669A9C960AE031EF4BFBD26"
"server_entry\metrics\metrics_store.hpp","2DA6718CA4F113A9C3DB4A3C4DBA8CF531B6ABBCED844D2B529351FAB49014CA"
"server_entry\metrics\scoped_timer.hpp","7F69C77C96F5867A1F8028D8F7B34989F74877E4CFE6C5C7AAAD3DE103D834E6"
"server_entry\metrics\source_acquisition_telemetry.hpp","B3540B94EECE91702C826745AB6D35AE536B50797ECB963B6CAC62F02B8D83E0"
"server_entry\operation.hpp","531C3392E89BB7088BD1256E8ED698C2486A6D95AB730A78E0A1FCAAC6B7A203"
"server_entry\project\builder\canonical_source_facts.hpp","DE1920922D796EF90D11BEFD4A158888B5AD941292CA39A3973908B541C1FA43"
"server_entry\project\builder\project_builder.cpp","B6F0CDC6DA024BCE6EB16444F5F172CA7802CF11FA5D67957D8B4D0144E1C8DF"
"server_entry\project\builder\project_builder.hpp","2E06E79481AEDE1A0BE4F57EBB2E1F6406B4E86889D19B150B6E607D20DBE33E"
"server_entry\project\builder\source_build_entry.cpp","325B5DAC52C3783BFB4E4844679A6F05D65F62C2674B6875BB9C3834DD2714A7"
"server_entry\project\builder\source_build_entry.hpp","2B1F0BCE683F6BC53272ECA9C97AACCA826C1B7F3282688E8C1521F961530CA8"
"server_entry\project\builder\source_contribution_cache.cpp","EA282741EDD7CE087760334283B564AD3519443B87859ED512BF6CB2F7B71440"
"server_entry\project\builder\source_contribution_cache.hpp","EEFB47E146F323DC065138BD2A15345FA7027807CFBE88D394E9778A13D6F48F"
"server_entry\project\frontend\source_frontend_cache.cpp","1677C2D5614663F4702614A6242E8581A9DCB3AD4522C0DECB546613CF7D7D61"
"server_entry\project\frontend\source_frontend_cache.hpp","60119C981AAF686462442B13C116090834BF574F71B2BB3597B3B53B9B0D9BEE"
"server_entry\project\frontend\source_frontend_generation.cpp","44169F4C9478FFA25F3DC803AC83DA783A3ECCD6928CFAC061329B596E8B68F0"
"server_entry\project\frontend\source_frontend_generation.hpp","ADEECFDA0F164EE276FC3BFFD2A8798055D81C780C944A401D11A1A59BCF497C"
"server_entry\project\frontend\source_frontend_incremental.cpp","3212033CA35939EC744D63DF6CABCDCC13E640C5B0EDF63134177A16B5F700BA"
"server_entry\project\frontend\source_publisher.cpp","5D02DCF8B515993A2B61CC7BBD3C6BAAA86A6F7A12B84A5AFC0A52F51AA23BDC"
"server_entry\project\frontend\source_publisher.hpp","F8748284BC316FFC36536EA764B11D265CDAB5B09256FD267220C0EC5C23F3F4"
"server_entry\project\graph\builtin_type.cpp","CE776832C0774A5499C48612E4F3CB60480E46FEF8A87BC58D26DE940A2BCCA1"
"server_entry\project\graph\builtin_type.hpp","7AE6FC3D33E172E49515F22DE23F37D155F8FC7AB4F78314F394D41AF80B4B7D"
"server_entry\project\graph\compiled_persistence.cpp","227E42857D152109C0EAD8657BC8CD289553092F934D405AD230EC201E6C005E"
"server_entry\project\graph\compiled_persistence.hpp","F149F357496222C8CBE054474D18794A0A9CB954516DB516CD0565B22D0EAE7F"
"server_entry\project\graph\compiled_state.hpp","55BE2896B7DF84C30A7A04AB9B694C69580A03BCCAA6F8339F9839F4158029E6"
"server_entry\project\graph\enum_build.hpp","85808F84217DF737DF7EA4C61FB2AE83E56F04E3302A62A466CD01CB92ED1BBA"
"server_entry\project\graph\graph_build_transaction_test_access.hpp","EF82B082213558ED55173762EB7A9D7305BA5A7FAB5D737DF07B05E92BA7C575"
"server_entry\project\graph\graph_build_transaction.cpp","71932E62D5F597A02E49636D282AC7779C22443CB5443D7F9FFBDC39B9D73FE2"
"server_entry\project\graph\graph_build_transaction.hpp","27B6EA781E77177F8BEF1C73E8161401419919E4EE083BF42EC86A9BB3B55BB5"
"server_entry\project\graph\graph_manager.cpp","3BDFA31B6B8A6D98A5333073FDB01CAC959BB33136F8539393D9E7ADCF3EF512"
"server_entry\project\graph\graph_manager.hpp","939A3F1FFF3CD876D8F74C77298E643C32A97E36BC9DAAA013C966F8F86D34D1"
"server_entry\project\graph\graph.cpp","A9B990FA95109B83B0E3CB76CAE38D5D13319AA4CC93909F5D53941B7A59B476"
"server_entry\project\graph\graph.hpp","29E8A15BEFA59989C5EFC6BB77919A4313C3BD3A1EFC3BBD4354506B9EF7D87B"
"server_entry\project\graph\type_ref.hpp","27C5A88E9E49C72BF3FE92FB1F7CAE0471F76C491244A46BD9F073906CAA02DE"
"server_entry\project\language\aggregate_semantics.hpp","6BE746E21371EBA19A9D72AEC51F5B0296FDF037E730F00D766D2ED8C0FBFBB5"
"server_entry\project\language\enum_semantics.hpp","9758684FA3C0449DC26F3C9BB0F7897D7070FCA2139E12F5EC8A792B3D3E64AD"
"server_entry\project\parser\language_configuration.hpp","4C1ABBBA8E497189E914606806C4C697B2426EC7C4ADDCF200442FD10947D9D4"
"server_entry\project\parser\lexer.cpp","650F6C654DED1CE079C1C5DFA0BFC0337376292E85E6C8A9AAAE0E3A98ED63C4"
"server_entry\project\parser\lexer.hpp","593D8270F6A6A54AA2BFE87BA29D541D89397A0B127B24B1F37B565D1724A4ED"
"server_entry\project\parser\parser.cpp","D99FE76EF4A1F7975E4CC54ED6F77983189B849DDB2195E4E0D5FEC15CE83101"
"server_entry\project\parser\parser.hpp","BF6EB71708E0FB9A866956162B6FCDF73C4F6C9B24051B9C8A9F30187B1D7367"
"server_entry\project\parser\source_context.cpp","1CF4123C24AE90177FEA8731ED93F821AEC7CF779F2F3C0B7B4290DB2C33C7A7"
"server_entry\project\parser\source_context.hpp","93F7DE69D90DB6B2F5089221B1A010898DB73C089B34FBCC2050009339DF1BAF"
"server_entry\project\parser\source_environment.cpp","3FB4C045FD8CD5E390CEE8F40826206FF5A36E22F0590B4E74053F431533C8DD"
"server_entry\project\parser\source_environment.hpp","63F38D93C9673338770A5496712D80C61BD9B1E6DF5FBC5126C65CD368B1D788"
"server_entry\project\parser\source_facts.hpp","D5803AD25D52FDE952D7A03A2B9175E00D742BF893860C958B217710147FF7B8"
"server_entry\project\parser\token.hpp","0E8B6B4FA37935F2A914716EEBDC00124C60AA7C1DC23D8A82AE3B84DFE18805"
"server_entry\project\project_composition_resolver.cpp","63B86191A9D3160093884619D07CCE461209316BF0D741470AAFBA18643D9053"
"server_entry\project\project_composition_resolver.hpp","DC1D690088A603785867CC4CE815A4DFA3148DECE8210FC2D0468A1E40981F44"
"server_entry\project\project_composition.hpp","0AF23B39729B5BD62DB860B94D88773C2EE3523C930B4E47CF68CC7B7EF17668"
"server_entry\project\project_configuration_loader.cpp","369E7E291FE6ED31BD81E8E1146C996DF7DB9188B7D1808C932439C7ACD35A9A"
"server_entry\project\project_configuration_loader.hpp","CD5B9F71BE05237270F7842A9CEEC3809159F5CF35AEE415D3CAD8E7BA9D8A87"
"server_entry\project\project_configuration.hpp","07663CDA155D7DA9A74721F018275E25985C924586ECD8AD95E8EC84157AF85A"
"server_entry\project\project_context.cpp","FF1A8A25020DA742F4D10CB09E410C120D720F7B800B3BD3B28D90F9D4A07F0E"
"server_entry\project\project_context.hpp","B35F1691E37597F123D91459BDA8B7302DE425B47689C760D48164964278AFFE"
"server_entry\project\project_root.hpp","4969F12F61B20BFD5447617D81FABE6535D02B15C04836AA978691E486B6757F"
"server_entry\project\runtime\runtime.cpp","48788FA71AC32CE7CC9D3B623D10B280B1BAAE34216C1307F7EAE30F3AFFC0CC"
"server_entry\project\runtime\runtime.hpp","5F361368B62824FB1D4E496C692B130019AB3C53F5057EAA372ABB39ABE9D1F8"
"server_entry\project\shm\shared_memory.cpp","BF9ED05303A5C17DC45C3B45190D6AD28C88AD534F2749903EC5C222117BB3BE"
"server_entry\project\shm\shared_memory.hpp","5BFCF260F9B66DD16EC4FA592AA4C54FB8C0A3D6971639208300CFA3A98FC263"
"server_entry\project\source_entity_ref.hpp","E4B7685BEF0F7E0BE24BAA5F28094470C94A95AE1A49EB9193C724BEC948A870"
"server_entry\project\source\file_snapshot.cpp","42798DD61BF1708F3F2F519F50DB6A901D621DD18A5DAAA8274227B55665AEF8"
"server_entry\project\source\file_snapshot.hpp","2AE22B5773B05C2B1282032A838E83A03C82306649EBA9B402BADB0DDA5A051E"
"server_entry\project\source\source_change_tracker.cpp","C106753E758027ED6FCF578336BD18CBCCBD042FF287F7EBAA2366D8001522DD"
"server_entry\project\source\source_change_tracker.hpp","4CDC0766DED03FCB4E193232772F9973822163BC696EAAAB5F6CA495A2D87234"
"server_entry\project\source\source_hash.cpp","7C839E85E0A9E542AA60F890FAF6DE6954983A9798C353E88A7BFBFC78886ACC"
"server_entry\project\source\source_hash.hpp","C034E781D741AFC2E447EAF4C99D21B7645D6CF8FBE9FFFE736D9297F6B55D12"
"server_entry\project\source\source_manager_persistence.cpp","40D2913AEEB12F74FC8C807BAAA18E5DC5ED890AAD01D8ED6F72D814C1DE19B2"
"server_entry\project\source\source_manager_persistence.hpp","0462F4CB9EF8B62574CC6C87079EC91E8189D1E17C81B9A3CF145BF51240DEEF"
"server_entry\project\source\source_manager.cpp","163F5C0B36DCA3D64BDC7BFF427C2E62699D98E2EF8F7C66E60257511DC347A3"
"server_entry\project\source\source_manager.hpp","499CA572B4B3E64F77CDFAF3B239318C297CC6C334519819EDE6D5E23DB629E8"
"server_entry\project\source\source_view.hpp","038D647398A59025024C09BFE1CF2317A3E82DEF23D17503E518DEF2D94FAE39"
"server_entry\project\string\string_hash.hpp","1DA3BF561BB2B03BD20C15F941F7284EB492628516392FCCC510E598792A4154"
"server_entry\project\string\string_registry.cpp","68B18960150A1F8172972A599CC217FD7079D0B4AE50D0B100AEAEA44A7893B5"
"server_entry\project\string\string_registry.hpp","F179424C7051FE5900D8650B14AC9F16E5B7DA30F74D8D9CA38B228858F9D2C4"
"server_entry\README.md","E5ED4D2AF43D7869BB575288DEBDB686C74883D941EA33C90FBC02EE7FBB927D"
"server_entry\REPAIR_STATUS.md","2D083D15E0DD69704D98D938A48A637712CD5F923DCB8F4B7F5C2B51B889351F"
"server_entry\server_context.cpp","37043B3C5B5D8BD0963FEA74D59972866A1A636DACD0401CD27D9FA00EBF6114"
"server_entry\server_context.hpp","995C14B97BD3770719BC9FCFA7615668518AA1B6F036DE5D2A7BDF3044A41BAC"
"server_entry\SERVER_ENTRY_ARCHITECTURE_V2.md","F4C1CFC206CC2A70509DAA89DBEEB8F21CFF23FA5288CCFE7EF36F996A7C1BE0"
"server_entry\source_id.hpp","5296167FF5D0C00AD05A7AB1907DD5B8725109A906BF099F356E953C85A2272A"
"server_entry\stable_id.hpp","E5B3A43F815494791B8C20D68C297F68C3FC61DE847810B4BEB3172A27493FB5"
"server_entry\status.hpp","0892FB7B139C18E1DF00945B83491D0A5B69D74D28260E705D514682B39AEBFA"
"server_entry\string_id.hpp","BD5EA73D21436B3F598996A343BF4E4F1E984B1D7FE3C2B106659BAB17C5C24B"
"server_entry\tests\abi_validation_test.cpp","B6EA1CEA7C815AE8165BFB2F105F95AC7F0D258A386732E3A685E475CB77D358"
"server_entry\tests\bulk_rebuild_test.cpp","95EAB952D74F0D2C974325066242FD8D9D0413DD3865F64942434389DCBB0344"
"server_entry\tests\compiled_dangling_member_test.cpp","3C3CBB49ED90F62B4234DAA3DB1B3201CC023AC04D5EA08C98039F8A0FF4D21C"
"server_entry\tests\compiled_then_source_rebuild_test.cpp","499D0331955C5BA6FDE51FDADF4E46A9B51B343B4E53A84AA887AC5A4B14D7B3"
"server_entry\tests\dangling_member_guard_test.cpp","6B5AACDC409523E5589F1BB46836BE829940B8ACE6CB94BBBBCA48893ACB81E0"
"server_entry\tests\definition_arena_rebuild_test.cpp","91ECA4C6D51224C3AC92A0F64EDC9E9F43144EAE363706E821DC63A75220D796"
"server_entry\tests\enum_malformed_width_test.cpp","AD47DEA919959463B186C60BB8412573511F70A817FBA068306A8219101783DC"
"server_entry\tests\graph_repair_test.cpp","A4CE25B0BD45D6CADECEEC4EF3F3F7A8A82D37AE024ADBCD1EA9C810D2A62C86"
"server_entry\tests\include_visibility_test.cpp","0C0672FA804FE6E12BA25477B0F4BB273CDD4413E37E9F0CFE4D794D3A14C1B7"
"server_entry\tests\parallel_discovery_include_test.cpp","FC4E720ACAF52E9C7CADF2E96E243B47AC16E7AEBE2D0B2479C86F88F79D22C2"
"server_entry\tests\parallel_rebuild_test.cpp","8C24CA6FCF5200FC81DD9244F513BAB9BAAE45168A9B82BCF5A6FB05B095B926"
"server_entry\tests\parser_repair_test.cpp","B51A92641A15F2184A276832E678A9C12A274BC1BDFC8066B6219FD4BEA7C85A"
"server_entry\tests\pending_parallel_test.cpp","65392865F999CB4075993DAA6FBD8FFE849B63DF3D7816D31621F2936C0071AE"
"server_entry\tests\rc_v2_01a_gates.hpp","3822CB46EED102F5D237B820EACAA8617C6010165720E1D8C7A99890E44A23B4"
"server_entry\tests\sm_change_test.cpp","4C7ED119115997E17F2FCA5759958D5FDB611F7559E5D57F2B5C0B59F6D3A567"
"server_entry\tests\source_contribution_cache_test.cpp","C0657EB1F9A9E16D0FA6DD90E1DB37AFC39F751624AB4BAC850CFF56EAB5F632"
"server_entry\tests\string_registry_rebuild_test.cpp","67A480F94325F5661E5D171AF68944091F97FD809D8281D74C0D4F2B6EEEC579"
"server_entry\tests\type_ref_rebuild_test.cpp","04AE0E4403B4E424DAE566940F2C3A894ECE24FC3BAA0B799B2624552F2B74C1"
"server_entry\tests\v2_entry_invariants_test.cpp","3D9564004ABA7F2D58AAD3BB63BCCB9F98837AF1E433407A8E9972A67306F24C"
"server_entry\type_handle.hpp","FD6471C099240EB192C8400F10A3043BB8D79ED249C0BB741F4ABC97BB721F39"
"tests\diagnostics_core_tests.cpp","A5D4AF7D810840AA79C8459A7CEFE0EB31AC9343DCB430AA5CF168DF78A2D514"
"tests\graph_manager_tests.cpp","FF91F3683EC42682892158930391F513B126F3C986273F4CE629FD83C1686459"
"tests\json_core_tests.cpp","E23BEC9573108DFF38FC12F4ECF92A0B9808EE2DE8512D8BBCF8577EB2FD9439"
"tests\logging_core_tests.cpp","6735E21934C8BFB96D3DE8F66EF3F97D083B7A5EB5CA265A4122C97D80B39770"
"tests\metrics_core_tests.cpp","FA866700168BD597D228B510F19B8B25304CC5F845790E2050200A800ADAE441"
"tests\project_builder_tests.cpp","67553AF99ACF7E39C83890386CB83DA176A8B84AEA376BCA68BC7C81CD72D9E0"
"tests\project_composition_tests.cpp","1D4C735C06685CA9D4C869668AF8806994C444C3F67403670317B230D4D74EE4"
"tests\project_configuration_tests.cpp","C0D7BE6CF86D094B39BB992C8725FEB34F9F96E9BC8F9A0E8086D336FD50017F"
"tests\project_context_tests.cpp","AEE4E8F88836DC5A66A3A3BCC24FD5828E195567BF71198B81609B5EB2C88346"
"tests\server_configuration_tests.cpp","C5485003627BA5E2C5B59F52E7039427B69D678D0ABC653453F766D90B02E956"
"tests\source_manager_sm2_tests.cpp","3C93B2D494B081BD810936BB0674E62DA6C28EA8F574AF8102F4472F6ABE8088"
"tests\source_manager_tests.cpp","E1F8568319C745C1F42F357E5BC26699B85BDC4A02BBA6B26E57CD2692CF3F7E"
"tests\string_registry_tests.cpp","19213E28C6769A0B0F686F3E9052F83FB9237D869CEDD5A78E3275137D4E9C7B"
